late_base_gate_id,support_class,side,group_id,group_size,obs_window,execution_rule,execution_rule_label,train_active_days,test_active_days,n_eff_train,p_star_exact,subgroup_threshold_prob,sigma_train_raw,sigma_train_lcb,sigma_test_raw,rho_train_raw,rho_train_lcb,rho_test_raw,p_exact_train_raw_late,p_exact_train_lcb,p_exact_test_raw_late,rho_needed_at_sigma_lcb,late_minus_control_exact_train,late_minus_control_exact_test,recent182_days,recent182_exact_mean,recent182_exact_lcb,recent182_control_mean,recent182_control_diff,recent91_days,recent91_exact_mean,recent91_exact_lcb,recent91_control_mean,recent91_control_diff,daily_window,control_base_gate_id,p_exact_train_raw_control,p_exact_test_raw_control
late|big|center|same_top1_prev=all,late,big,center,1,192,front_singleton_always,front singleton always,1766,467,3,0.089576406726893,0.089576406726893,0.09701774254435636,0.08889675349188372,0.12491077801570306,1.0,1.0,1.0,0.09701774254435636,0.08890147225368063,0.12491077801570306,1.007645422451466,0.003208758021895075,0.023554603854389733,182,0.12454212454212453,0.09706959706959706,0.09706959706959706,0.027472527472527472,91,0.12087912087912088,0.07692307692307693,0.09157509157509157,0.02930402930402931,False,control|big|center|same_top1_prev=all,0.09380898452246128,0.10135617416131333
late|big|center|same_top1_prev=all,late,big,center,1,192,front_singleton_exact_q75_only,front singleton exact q75 only,1030,279,2,0.08841951026361577,0.08841951026361577,0.10711974110032361,0.09093851132686083,0.1099163679808841,1.0,1.0,1.0,0.10711974110032361,0.09077265372168283,0.1099163679808841,0.9722999527208995,0.00738688268536368,0.00052346992819223,182,0.11996336996336994,0.07967032967032966,0.1282051282051282,-0.008241758241758254,91,0.10622710622710624,0.05311355311355311,0.08608058608058608,0.020146520146520158,True,control|big|center|same_top1_prev=all,0.09973285841495994,0.10939289805269187
late|big|center|same_top1_prev=all,late,big,center,1,192,front_singleton_side_q75_only,front singleton side q75 only,968,259,2,0.08841951026361577,0.08841951026361577,0.0931473829201102,0.07679063360881543,0.12934362934362933,1.0,1.0,1.0,0.0931473829201102,0.07679063360881544,0.12934362934362933,1.151436133657131,-0.003477895653592439,0.036189869523202856,182,0.13736263736263737,0.09523809523809523,0.10622710622710624,0.031135531135531136,91,0.1043956043956044,0.05677655677655677,0.09706959706959706,0.007326007326007342,False,control|big|center|same_top1_prev=all,0.09662527857370264,0.09315375982042648
late|big|center|same_top1_prev=all,late,big,center,1,384,front_singleton_always,front singleton always,1766,467,3,0.089576406726893,0.089576406726893,0.09701774254435636,0.08871272178180445,0.12491077801570306,1.0,1.0,1.0,0.09701774254435636,0.08927897319743298,0.12491077801570306,1.009735750721445,0.0027368818422045943,0.02319771591720199,182,0.12454212454212453,0.09706959706959706,0.09065934065934066,0.03388278388278387,91,0.12087912087912088,0.08058608058608058,0.08241758241758242,0.038461538461538464,False,control|big|center|same_top1_prev=all,0.09428086070215176,0.10171306209850108
late|big|center|same_top1_prev=all,late,big,center,1,384,front_singleton_exact_q75_only,front singleton exact q75 only,1066,287,2,0.08841951026361577,0.08841951026361577,0.10193871169480925,0.08614759224515323,0.09930313588850173,1.0,1.0,1.0,0.10193871169480925,0.08629612257661039,0.09930313588850173,1.0263723913722078,-0.004618665354371068,0.003747580332946171,182,0.11080586080586079,0.07140567765567765,0.09615384615384616,0.014652014652014628,91,0.12637362637362637,0.06593406593406594,0.07142857142857142,0.054945054945054944,False,control|big|center|same_top1_prev=all,0.10655737704918032,0.09555555555555556
late|big|center|same_top1_prev=all,late,big,center,1,384,front_singleton_side_q75_only,front singleton side q75 only,974,268,2,0.08841951026361577,0.08841951026361577,0.09822039698836413,0.08179329226557151,0.13121890547263684,1.0,1.0,1.0,0.09822039698836413,0.08213552361396304,0.13121890547263684,1.0810117530974281,-0.003156323912762285,-0.008204171450440084,182,0.12728937728937728,0.08697344322344322,0.12637362637362637,0.0009157509157509125,91,0.11721611721611722,0.0641025641025641,0.13186813186813187,-0.014652014652014655,False,control|big|center|same_top1_prev=all,0.10137672090112641,0.13942307692307693
late|big|center|same_top1_prev=all,late,big,center,1,576,front_singleton_always,front singleton always,1766,467,3,0.089576406726893,0.089576406726893,0.09701774254435636,0.08890147225368063,0.12491077801570306,1.0,1.0,1.0,0.09701774254435636,0.0890902227255568,0.12491077801570306,1.007591938087217,0.001321253303133249,0.024268379728765166,182,0.12454212454212453,0.09706959706959706,0.07692307692307693,0.0476190476190476,91,0.12087912087912088,0.08058608058608058,0.07692307692307693,0.04395604395604395,False,control|big|center|same_top1_prev=all,0.0956964892412231,0.1006423982869379
late|big|center|same_top1_prev=all,late,big,center,1,576,front_singleton_exact_q75_only,front singleton exact q75 only,1035,289,2,0.08841951026361577,0.08841951026361577,0.10531400966183575,0.08888888888888889,0.1170703575547866,1.0,1.0,1.0,0.10531400966183575,0.08952898550724636,0.1170703575547866,0.9947194904656774,0.012038521592421442,0.044998285482714534,182,0.12271062271062272,0.0815018315018315,0.07207207207207207,0.05063855063855065,91,0.0989010989010989,0.04945054945054945,0.06593406593406594,0.03296703296703296,True,control|big|center|same_top1_prev=all,0.09327548806941431,0.07207207207207207
late|big|center|same_top1_prev=all,late,big,center,1,576,front_singleton_side_q75_only,front singleton side q75 only,998,273,2,0.08841951026361577,0.08841951026361577,0.10270541082164329,0.085500167000668,0.12515262515262515,1.0,1.0,1.0,0.10270541082164329,0.08600534402137608,0.12515262515262515,1.0341442989570415,-0.002098082628138362,0.0034134947178425384,182,0.13736263736263737,0.0943223443223443,0.12173913043478261,0.01562350692785476,91,0.1336996336996337,0.07509157509157509,0.0989010989010989,0.0347985347985348,False,control|big|center|same_top1_prev=all,0.10480349344978165,0.12173913043478261
late|big|edge_low|same_top1_prev=all,late,big,edge_low,2,192,front_pair_major_any_info,front pair major any info,1766,467,3,0.089576406726893,0.18565540131876168,0.2129105322763307,0.2013967534918837,0.2012847965738758,0.5087523277467412,0.4782029795158287,0.5014492753623189,0.10985277463193656,0.10098150245375612,0.10206995003568879,0.44477582271703764,0.004530011325028296,-0.0042826552462526535,182,0.10256410256410255,0.07875457875457875,0.08608058608058607,0.01648351648351648,91,0.10622710622710622,0.0695970695970696,0.0879120879120879,0.01831501831501832,True,control|big|edge_low|same_top1_prev=all,0.10532276330690826,0.10635260528194145
late|big|edge_low|same_top1_prev=all,late,big,edge_low,2,192,front_pair_major_consensus_only,front pair major consensus only,1602,410,2,0.08841951026361577,0.1817303467017525,0.22014148980441112,0.20380774032459426,0.2,0.5175438596491228,0.47609649122807013,0.5147058823529411,0.11194340407823553,0.09935497295047856,0.10609756097560975,0.4338378420897779,0.008603769547674722,0.0027478877729953805,182,0.13736263736263737,0.09615384615384616,0.0943223443223443,0.04304029304029307,91,0.152014652014652,0.08791208791208792,0.11355311355311354,0.038461538461538464,True,control|big|edge_low|same_top1_prev=all,0.1033396345305608,0.10334967320261437
late|big|edge_low|same_top1_prev=all,late,big,edge_low,2,192,front_pair_major_margin_and_consensus,front pair major margin and consensus,581,142,2,0.08841951026361577,0.1817303467017525,0.22719449225473323,0.19563970166379804,0.19835680751173707,0.4866666666666667,0.4066666666666667,0.3611111111111111,0.10843373493975904,0.0846170395869191,0.06455399061032864,0.45195075187531464,0.016176733292312576,-0.03867181584128426,142,0.06455399061032864,0.03169014084507042,0.1032258064516129,-0.03867181584128426,91,0.07875457875457875,0.03663003663003663,0.08241758241758242,-0.003663003663003664,False,control|big|edge_low|same_top1_prev=all,0.09225700164744646,0.1032258064516129
late|big|edge_low|same_top1_prev=all,late,big,edge_low,2,192,front_pair_major_margin_and_side,front pair major margin and side,248,80,2,0.08841951026361577,0.1817303467017525,0.2217741935483871,0.17338709677419356,0.1,0.375,0.2578125,0.35,0.08266129032258064,0.05443548387096774,0.03125,0.5099543847762026,-0.01647129951632889,-0.03196839080459771,80,0.03125,0.00625,0.06321839080459771,-0.03196839080459771,80,0.03125,0.00625,0.06321839080459771,-0.03196839080459771,False,control|big|edge_low|same_top1_prev=all,0.09913258983890953,0.06321839080459771
late|big|edge_low|same_top1_prev=all,late,big,edge_low,2,192,front_pair_major_margin_q75_only,front pair major margin q75 only,902,261,2,0.08841951026361577,0.1817303467017525,0.20953436807095344,0.18551367331855134,0.210727969348659,0.49099099099099097,0.4337033462033463,0.3933333333333333,0.10753880266075388,0.08942627494456762,0.08556832694763729,0.4766199099070604,0.003990525622200494,-0.0073468879187970765,182,0.09249084249084248,0.05677655677655677,0.09157509157509157,0.0009157509157509125,91,0.0879120879120879,0.038461538461538464,0.05311355311355311,0.03479853479853479,True,control|big|edge_low|same_top1_prev=all,0.10354827703855339,0.09291521486643436
late|big|edge_low|same_top1_prev=all,late,big,edge_low,2,192,front_pair_major_side_q75_only,front pair major side q75 only,968,259,2,0.08841951026361577,0.1817303467017525,0.2227961432506887,0.19886363636363635,0.1615186615186615,0.4565972222222222,0.4010416666666667,0.5701754385964912,0.10227272727272728,0.0859159779614325,0.08751608751608751,0.4446238230398965,-0.006132239298428405,-0.014616347949681294,182,0.09798534798534798,0.06318681318681318,0.08791208791208792,0.010073260073260065,91,0.10073260073260072,0.05311355311355311,0.07142857142857142,0.029304029304029297,False,control|big|edge_low|same_top1_prev=all,0.10840496657115568,0.1021324354657688
late|big|edge_low|same_top1_prev=all,late,big,edge_low,2,384,front_pair_major_any_info,front pair major any info,1766,467,3,0.089576406726893,0.18565540131876168,0.2129105322763307,0.20196300490751223,0.2012847965738758,0.4877094972067039,0.4581005586592179,0.48115942028985503,0.10456776141940355,0.0964514911287278,0.09707351891506066,0.44352878770007403,0.005473763684409216,-0.005710206995003575,182,0.09523809523809525,0.07142857142857142,0.07692307692307693,0.01831501831501832,91,0.10622710622710622,0.0695970695970696,0.07692307692307693,0.029304029304029297,True,control|big|edge_low|same_top1_prev=all,0.09909399773499433,0.10278372591006424
late|big|edge_low|same_top1_prev=all,late,big,edge_low,2,384,front_pair_major_consensus_only,front pair major consensus only,1579,411,2,0.08841951026361577,0.1817303467017525,0.21532615579480685,0.19896295123495883,0.20397404703974045,0.4941747572815534,0.45436893203883494,0.5,0.10776862993455773,0.09488864260080218,0.1070559610705596,0.4444018834400965,0.016693282458332417,-0.0022734849935803353,182,0.12545787545787546,0.08333333333333331,0.09340659340659341,0.03205128205128205,91,0.16117216117216115,0.09523809523809523,0.08241758241758242,0.07875457875457874,True,control|big|edge_low|same_top1_prev=all,0.09107534747622531,0.10932944606413994
late|big|edge_low|same_top1_prev=all,late,big,edge_low,2,384,front_pair_major_margin_and_consensus,front pair major margin and consensus,570,146,2,0.08841951026361577,0.1817303467017525,0.22280701754385962,0.19121345029239764,0.21118721461187215,0.47,0.3933333333333333,0.37142857142857144,0.10146198830409356,0.0798172514619883,0.07077625570776255,0.4624126081528649,-0.00019285803160383475,-0.04083088714938031,146,0.07077625570776255,0.03424657534246575,0.11160714285714286,-0.04083088714938031,91,0.09157509157509158,0.04395604395604396,0.1043956043956044,-0.012820512820512817,False,control|big|edge_low|same_top1_prev=all,0.1016548463356974,0.11160714285714286
late|big|edge_low|same_top1_prev=all,late,big,edge_low,2,384,front_pair_major_margin_and_side,front pair major margin and side,262,85,2,0.08841951026361577,0.1817303467017525,0.22328244274809161,0.17743320610687022,0.21176470588235294,0.47101449275362317,0.35507246376811596,0.45454545454545453,0.10114503816793893,0.06870229007633588,0.09411764705882353,0.4983256077239545,0.025768153745828387,-0.0011204481792717047,85,0.09411764705882353,0.041176470588235294,0.09523809523809523,-0.0011204481792717047,85,0.09411764705882353,0.041176470588235294,0.09523809523809523,-0.0011204481792717047,False,control|big|edge_low|same_top1_prev=all,0.07537688442211055,0.09523809523809523
late|big|edge_low|same_top1_prev=all,late,big,edge_low,2,384,front_pair_major_margin_q75_only,front pair major margin q75 only,889,253,2,0.08841951026361577,0.1817303467017525,0.20959880014998125,0.1867172853393326,0.2015810276679842,0.4942528735632184,0.43358876117496803,0.4492753623188406,0.10348706411698538,0.0860517435320585,0.08893280632411067,0.4735475352639455,0.006355382239540797,-0.008289415898111552,182,0.09340659340659341,0.06041666666666667,0.09340659340659341,0.0,91,0.09340659340659341,0.04395604395604396,0.04395604395604396,0.04945054945054945,False,control|big|edge_low|same_top1_prev=all,0.09713168187744459,0.09722222222222222
late|big|edge_low|same_top1_prev=all,late,big,edge_low,2,384,front_pair_major_side_q75_only,front pair major side q75 only,974,268,2,0.08841951026361577,0.1817303467017525,0.21885694729637234,0.19558521560574949,0.1884328358208955,0.45729537366548045,0.398576512455516,0.42142857142857143,0.09924709103353867,0.08213552361396304,0.07835820895522388,0.4520766561509804,0.004753974638044306,-0.02260332950631458,182,0.08333333333333334,0.04945054945054945,0.11263736263736264,-0.029304029304029297,91,0.11355311355311357,0.05860805860805861,0.08791208791208792,0.025641025641025647,False,control|big|edge_low|same_top1_prev=all,0.09449311639549436,0.10096153846153846
late|big|edge_low|same_top1_prev=all,late,big,edge_low,2,576,front_pair_major_any_info,front pair major any info,1766,467,3,0.089576406726893,0.18565540131876168,0.2129105322763307,0.20195828614571534,0.2012847965738758,0.4973929236499069,0.46814245810055866,0.5304347826086957,0.10570026425066062,0.09777274443186107,0.10563882940756601,0.4435391507643442,0.006606266515666287,0.000713775874375433,182,0.10256410256410255,0.07875457875457875,0.07142857142857142,0.031135531135531122,91,0.11355311355311354,0.07692307692307691,0.06593406593406594,0.0476190476190476,True,control|big|edge_low|same_top1_prev=all,0.09909399773499433,0.10492505353319058
late|big|edge_low|same_top1_prev=all,late,big,edge_low,2,576,front_pair_major_consensus_only,front pair major consensus only,1575,401,2,0.08841951026361577,0.1817303467017525,0.21555555555555556,0.19947089947089944,0.19866999168744803,0.5077519379844961,0.4680232558139535,0.5409836065573771,0.11037037037037035,0.09724603174603173,0.10723192019950124,0.44327022386799425,0.019261698581127765,-0.00830592840607644,182,0.11904761904761904,0.08150183150183149,0.11538461538461539,0.00366300366300365,91,0.13736263736263737,0.07692307692307693,0.0989010989010989,0.03846153846153848,True,control|big|edge_low|same_top1_prev=all,0.09110867178924259,0.11553784860557768
late|big|edge_low|same_top1_prev=all,late,big,edge_low,2,576,front_pair_major_margin_and_consensus,front pair major margin and consensus,534,146,2,0.08841951026361577,0.1817303467017525,0.20037453183520595,0.17009987515605493,0.23515981735159813,0.5040650406504065,0.4146341463414634,0.5675675675675675,0.09862671660424467,0.07552278401997502,0.1324200913242009,0.5198093777699541,0.018269573747101808,0.019516865517749296,146,0.1324200913242009,0.08105022831050228,0.11290322580645161,0.019516865517749296,91,0.13553113553113552,0.07504578754578754,0.11290322580645161,0.02262790972468391,False,control|big|edge_low|same_top1_prev=all,0.08035714285714286,0.11290322580645161
late|big|edge_low|same_top1_prev=all,late,big,edge_low,2,576,front_pair_major_margin_and_side,front pair major margin and side,253,83,2,0.08841951026361577,0.1817303467017525,0.20948616600790515,0.16205533596837945,0.214859437751004,0.525,0.4,0.631578947368421,0.10869565217391304,0.07312252964426877,0.13855421686746988,0.5456130755291412,0.02322556670382757,0.027443105756358777,83,0.13855421686746988,0.07228915662650602,0.1111111111111111,0.027443105756358777,83,0.13855421686746988,0.06626506024096386,0.1111111111111111,0.027443105756358777,False,control|big|edge_low|same_top1_prev=all,0.08547008547008547,0.1111111111111111
late|big|edge_low|same_top1_prev=all,late,big,edge_low,2,576,front_pair_major_margin_q75_only,front pair major margin q75 only,888,257,2,0.08841951026361577,0.1817303467017525,0.1856231231231231,0.16385135135135134,0.23281452658884563,0.49145299145299143,0.4280270655270655,0.5133333333333333,0.0897147147147147,0.07375656906906906,0.1251621271076524,0.5396324750109334,-0.007350748039235633,0.017724110578726776,182,0.13003663003663002,0.08791208791208792,0.10743801652892562,0.022598613507704396,91,0.16300366300366298,0.09702380952380951,0.10989010989010989,0.05311355311355309,False,control|big|edge_low|same_top1_prev=all,0.09706546275395034,0.10743801652892562
late|big|edge_low|same_top1_prev=all,late,big,edge_low,2,576,front_pair_major_side_q75_only,front pair major side q75 only,998,273,2,0.08841951026361577,0.1817303467017525,0.22545090180360722,0.20290163660654642,0.18864468864468864,0.459866220735786,0.40301003344481606,0.47794117647058826,0.10521042084168336,0.08800935203740815,0.09035409035409035,0.4357752443124602,0.015690770186661526,0.00339756861495992,182,0.097985347985348,0.06135531135531135,0.08695652173913043,0.011028826246217566,91,0.12087912087912088,0.06776556776556776,0.0989010989010989,0.021978021978021983,False,control|big|edge_low|same_top1_prev=all,0.08951965065502183,0.08695652173913043
late|small|center|same_top1_prev=all,late,small,center,1,192,front_singleton_always,front singleton always,1766,467,3,0.089576406726893,0.089576406726893,0.10192525481313704,0.09362023405058512,0.09421841541755889,1.0,1.0,1.0,0.10192525481313704,0.09362023405058512,0.09421841541755889,0.9568060541110467,-0.00018875047187616456,-0.012134189864382569,182,0.07692307692307691,0.05311355311355311,0.1043956043956044,-0.027472527472527486,91,0.08424908424908424,0.05128205128205127,0.10989010989010989,-0.025641025641025647,False,control|small|center|same_top1_prev=all,0.1021140052850132,0.10635260528194146
late|small|center|same_top1_prev=all,late,small,center,1,192,front_singleton_exact_q75_only,front singleton exact q75 only,1072,293,2,0.08841951026361577,0.08841951026361577,0.10991915422885573,0.09250233208955223,0.07963594994311718,1.0,1.0,1.0,0.10991915422885573,0.09328358208955224,0.07963594994311718,0.955862498450484,0.010269361169320576,-0.048329093752263574,182,0.06318681318681318,0.03571428571428571,0.13278388278388278,-0.0695970695970696,91,0.054945054945054944,0.016483516483516484,0.12271062271062272,-0.06776556776556777,False,control|small|center|same_top1_prev=all,0.09964979305953515,0.12796504369538075
late|small|center|same_top1_prev=all,late,small,center,1,192,front_singleton_side_q75_only,front singleton side q75 only,1124,294,2,0.08841951026361577,0.08841951026361577,0.11135824436536179,0.0953403024911032,0.10317460317460317,1.0,1.0,1.0,0.11135824436536179,0.09444691577698694,0.10317460317460317,0.9274095839151208,0.015089324970782428,-0.01144990275425059,182,0.08974358974358974,0.05492216117216117,0.12362637362637363,-0.03388278388278389,91,0.04395604395604396,0.01098901098901099,0.11538461538461539,-0.07142857142857142,False,control|small|center|same_top1_prev=all,0.09626891939457936,0.11462450592885376
late|small|center|same_top1_prev=all,late,small,center,1,384,front_singleton_always,front singleton always,1766,467,3,0.089576406726893,0.089576406726893,0.10192525481313704,0.09418176670441675,0.09421841541755889,1.0,1.0,1.0,0.10192525481313704,0.0938089845224613,0.09421841541755889,0.9511013634732786,-0.0011325028312570706,-0.006423982869379008,182,0.07692307692307691,0.05311355311355311,0.09065934065934066,-0.013736263736263743,91,0.08424908424908424,0.05128205128205127,0.07692307692307693,0.007326007326007314,False,control|small|center|same_top1_prev=all,0.10305775764439411,0.1006423982869379
late|small|center|same_top1_prev=all,late,small,center,1,384,front_singleton_exact_q75_only,front singleton exact q75 only,1091,303,2,0.08841951026361577,0.08841951026361577,0.09975557592422853,0.08310036663611366,0.0891089108910891,1.0,1.0,1.0,0.09975557592422853,0.0846280171096853,0.0891089108910891,1.064008666180668,0.0013392863314683479,-0.008047487213176302,182,0.07326007326007325,0.040293040293040296,0.09615384615384616,-0.02289377289377291,91,0.06593406593406594,0.02197802197802198,0.12087912087912088,-0.054945054945054944,False,control|small|center|same_top1_prev=all,0.09841628959276018,0.0971563981042654
late|small|center|same_top1_prev=all,late,small,center,1,384,front_singleton_side_q75_only,front singleton side q75 only,1054,299,2,0.08841951026361577,0.08841951026361577,0.10468058191018342,0.08854759645793801,0.09141583054626534,1.0,1.0,1.0,0.10468058191018342,0.08886385199240986,0.09141583054626534,0.9985534763285971,0.0015059787355802545,-0.03912604137491693,182,0.07509157509157509,0.04029304029304029,0.1401098901098901,-0.06501831501831502,91,0.054945054945054944,0.01098901098901099,0.12637362637362637,-0.07142857142857142,False,control|small|center|same_top1_prev=all,0.10317460317460317,0.13054187192118227
late|small|center|same_top1_prev=all,late,small,center,1,576,front_singleton_always,front singleton always,1766,467,3,0.089576406726893,0.089576406726893,0.10192525481313704,0.09399773499433749,0.09421841541755889,1.0,1.0,1.0,0.10192525481313704,0.0938089845224613,0.09421841541755889,0.9529634595162231,0.01075877689694224,-0.008565310492505349,182,0.07692307692307691,0.05311355311355311,0.08791208791208792,-0.010989010989011005,91,0.08424908424908424,0.05128205128205127,0.054945054945054944,0.029304029304029297,True,control|small|center|same_top1_prev=all,0.0911664779161948,0.10278372591006424
late|small|center|same_top1_prev=all,late,small,center,1,576,front_singleton_exact_q75_only,front singleton exact q75 only,957,270,2,0.08841951026361577,0.08841951026361577,0.09909439219784047,0.0830677464298154,0.07777777777777778,1.0,1.0,1.0,0.09909439219784047,0.08202716823406478,0.07777777777777778,1.0644264960085574,0.01612495988342999,-0.04148827726809379,182,0.054945054945054944,0.027472527472527472,0.11926605504587157,-0.06432100010081662,91,0.03296703296703297,0.005494505494505495,0.0989010989010989,-0.06593406593406592,False,control|small|center|same_top1_prev=all,0.08296943231441048,0.11926605504587157
late|small|center|same_top1_prev=all,late,small,center,1,576,front_singleton_side_q75_only,front singleton side q75 only,991,288,2,0.08841951026361577,0.08841951026361577,0.10124453414059871,0.08341742347796838,0.0954861111111111,1.0,1.0,1.0,0.10124453414059871,0.08391775983854692,0.0954861111111111,1.0599645323134264,0.009541477372039753,-0.061230306799336665,182,0.08791208791208792,0.0521978021978022,0.15671641791044777,-0.06880432999835985,91,0.06593406593406594,0.02197802197802198,0.16483516483516483,-0.0989010989010989,False,control|small|center|same_top1_prev=all,0.09170305676855896,0.15671641791044777
late|small|edge_high|same_top1_prev=all,late,small,edge_high,2,192,front_pair_major_any_info,front pair major any info,1766,467,3,0.089576406726893,0.18565540131876168,0.19818799546998866,0.1876132502831257,0.21841541755888652,0.489083820662768,0.45769980506822616,0.4782913165266106,0.09701774254435636,0.08852397130992827,0.10421127765881512,0.47745245387366797,-0.003208758021895061,0.004996431120628114,182,0.09340659340659341,0.06959706959706959,0.10622710622710624,-0.01282051282051283,91,0.09157509157509157,0.058608058608058594,0.11355311355311357,-0.021978021978021997,False,control|small|edge_high|same_top1_prev=all,0.10022650056625142,0.099214846538187
late|small|edge_high|same_top1_prev=all,late,small,edge_high,2,192,front_pair_major_consensus_only,front pair major consensus only,1537,427,2,0.08841951026361577,0.1817303467017525,0.19605291693775753,0.17946215571459553,0.22638563622170177,0.5044858523119393,0.45997239475500346,0.4642857142857143,0.09780958577315114,0.08566471481240512,0.10031225604996095,0.49269167592209345,-0.006902456111665609,0.007058287795992713,182,0.07967032967032966,0.05036630036630036,0.09706959706959706,-0.017399267399267393,91,0.09706959706959706,0.05128205128205127,0.11355311355311354,-0.01648351648351648,False,control|small|edge_high|same_top1_prev=all,0.10471204188481675,0.09325396825396824
late|small|edge_high|same_top1_prev=all,late,small,edge_high,2,192,front_pair_major_margin_and_consensus,front pair major margin and consensus,535,160,2,0.08841951026361577,0.1817303467017525,0.17850467289719626,0.14827881619937694,0.2364583333333333,0.4954954954954955,0.40540540540540543,0.4634146341463415,0.0881619937694704,0.06542056074766354,0.109375,0.5963057470375684,-0.008456363718452292,0.04180743243243243,160,0.109375,0.0625,0.06756756756756757,0.04180743243243243,91,0.12637362637362637,0.06593406593406594,0.08791208791208792,0.03846153846153845,False,control|small|edge_high|same_top1_prev=all,0.09661835748792269,0.06756756756756757
late|small|edge_high|same_top1_prev=all,late,small,edge_high,2,192,front_pair_major_margin_and_side,front pair major margin and side,330,93,2,0.08841951026361577,0.1817303467017525,0.18838383838383838,0.1484848484848485,0.25268817204301075,0.48,0.37333333333333335,0.5,0.08484848484848485,0.05757575757575758,0.12903225806451613,0.5954783344284327,-0.021719049228342904,0.06799939421475087,93,0.12903225806451613,0.06451612903225806,0.06103286384976525,0.06799939421475087,91,0.13186813186813187,0.06593406593406594,0.06103286384976525,0.07083526801836662,False,control|small|edge_high|same_top1_prev=all,0.10656753407682776,0.06103286384976525
late|small|edge_high|same_top1_prev=all,late,small,edge_high,2,192,front_pair_major_margin_q75_only,front pair major margin q75 only,941,281,2,0.08841951026361577,0.1817303467017525,0.19305703152674458,0.1716259298618491,0.21826809015421114,0.46530612244897956,0.4020408163265306,0.4794520547945205,0.0924548352816153,0.07562876372653206,0.10676156583629894,0.515187363207817,-0.01003974172489229,0.01571898140164403,182,0.10714285714285714,0.06868131868131869,0.11355311355311354,-0.006410256410256401,91,0.0989010989010989,0.04945054945054945,0.13003663003663002,-0.031135531135531122,False,control|small|edge_high|same_top1_prev=all,0.10249457700650759,0.0910425844346549
late|small|edge_high|same_top1_prev=all,late,small,edge_high,2,192,front_pair_major_side_q75_only,front pair major side q75 only,1124,294,2,0.08841951026361577,0.1817303467017525,0.17956702253855278,0.15999406880189795,0.21598639455782312,0.48534798534798534,0.4267399267399267,0.46987951807228917,0.08570581257413998,0.07147093712930011,0.09863945578231292,0.5526424255957598,-0.013555011079503104,0.013659218628162731,182,0.10622710622710624,0.06865842490842491,0.07967032967032966,0.026556776556776573,91,0.07692307692307693,0.03296703296703297,0.10073260073260072,-0.023809523809523794,False,control|small|edge_high|same_top1_prev=all,0.09926082365364308,0.08498023715415019
late|small|edge_high|same_top1_prev=all,late,small,edge_high,2,384,front_pair_major_any_info,front pair major any info,1766,467,3,0.089576406726893,0.18565540131876168,0.19818799546998866,0.1876179690449226,0.21841541755888652,0.5037037037037037,0.47270955165692,0.5378151260504201,0.09984899962249905,0.09210551151377876,0.11563169164882225,0.4774404455121521,0.007266893167232905,0.021413276231263365,182,0.11538461538461539,0.08974358974358974,0.10164835164835165,0.013736263736263743,91,0.12454212454212454,0.0879120879120879,0.07692307692307693,0.047619047619047616,True,control|small|edge_high|same_top1_prev=all,0.09258210645526614,0.09421841541755889
late|small|edge_high|same_top1_prev=all,late,small,edge_high,2,384,front_pair_major_consensus_only,front pair major consensus only,1535,425,2,0.08841951026361577,0.1817303467017525,0.18849077090119434,0.1735043431053203,0.21294117647058824,0.5171208944793851,0.4737858141160028,0.5141843971631206,0.09489685124864278,0.08306188925081433,0.10352941176470588,0.509609780833806,-0.0024677168333484406,0.025816801794031397,182,0.07142857142857142,0.0467032967032967,0.09340659340659341,-0.021978021978021983,91,0.09340659340659341,0.05489926739926739,0.07142857142857142,0.021978021978021983,False,control|small|edge_high|same_top1_prev=all,0.09736456808199122,0.07771260997067449
late|small|edge_high|same_top1_prev=all,late,small,edge_high,2,384,front_pair_major_margin_and_consensus,front pair major margin and consensus,543,153,2,0.08841951026361577,0.1817303467017525,0.1921424186617557,0.16144106813996315,0.22549019607843138,0.5338753387533876,0.44308943089430897,0.4861111111111111,0.10159607120933087,0.07796193984039289,0.10784313725490197,0.5476890811138556,-0.014432636924640418,-0.0068357618276668475,153,0.10784313725490197,0.06209150326797386,0.11467889908256881,-0.0068357618276668475,91,0.14835164835164835,0.08241758241758242,0.10989010989010989,0.038461538461538464,False,control|small|edge_high|same_top1_prev=all,0.11602870813397129,0.11467889908256881
late|small|edge_high|same_top1_prev=all,late,small,edge_high,2,384,front_pair_major_margin_and_side,front pair major margin and side,303,87,2,0.08841951026361577,0.1817303467017525,0.19471947194719472,0.15181518151815182,0.2413793103448276,0.44696969696969696,0.32575757575757575,0.42857142857142855,0.08745874587458746,0.057755775577557754,0.10344827586206896,0.5824154697799039,-0.020522474782689537,0.03614058355437666,87,0.10344827586206896,0.04597701149425287,0.0673076923076923,0.03614058355437666,87,0.10344827586206896,0.04597701149425287,0.0673076923076923,0.03614058355437666,False,control|small|edge_high|same_top1_prev=all,0.107981220657277,0.0673076923076923
late|small|edge_high|same_top1_prev=all,late,small,edge_high,2,384,front_pair_major_margin_q75_only,front pair major margin q75 only,937,268,2,0.08841951026361577,0.1817303467017525,0.19619352543578797,0.1734213802917111,0.20584577114427857,0.5067476383265858,0.4473684210526316,0.45384615384615384,0.10120953397367484,0.08466293134115974,0.09328358208955224,0.5098535723501094,-0.007030689490012315,-0.007245518439548279,182,0.1043956043956044,0.06318681318681318,0.1043956043956044,0.0,91,0.11538461538461539,0.06043956043956044,0.13736263736263737,-0.021978021978021983,False,control|small|edge_high|same_top1_prev=all,0.10824022346368715,0.10052910052910052
late|small|edge_high|same_top1_prev=all,late,small,edge_high,2,384,front_pair_major_side_q75_only,front pair major side q75 only,1054,299,2,0.08841951026361577,0.1817303467017525,0.18864642631246048,0.16650458570524984,0.22798216276477143,0.4728682170542636,0.4127906976744186,0.5304878048780488,0.0879190385831752,0.07226043643263756,0.11649944258639909,0.5310334840875672,-0.012813562149425542,0.015514220911522242,182,0.12912087912087913,0.08699633699633699,0.11263736263736264,0.016483516483516494,91,0.14102564102564102,0.08054029304029303,0.12087912087912088,0.020146520146520144,False,control|small|edge_high|same_top1_prev=all,0.10073260073260074,0.10098522167487685
late|small|edge_high|same_top1_prev=all,late,small,edge_high,2,576,front_pair_major_any_info,front pair major any info,1766,467,3,0.089576406726893,0.18565540131876168,0.19818799546998866,0.18705171762929407,0.21841541755888652,0.4842105263157895,0.45340643274853804,0.5042016806722689,0.09701774254435636,0.0890902227255568,0.10920770877944326,0.47888577481239064,-0.00037750094375237075,0.023554603854389733,182,0.11172161172161171,0.08424908424908426,0.08791208791208792,0.023809523809523794,91,0.12454212454212454,0.08424908424908424,0.08791208791208792,0.036630036630036625,False,control|small|edge_high|same_top1_prev=all,0.09739524348810873,0.08565310492505353
late|small|edge_high|same_top1_prev=all,late,small,edge_high,2,576,front_pair_major_consensus_only,front pair major consensus only,1546,416,2,0.08841951026361577,0.1817303467017525,0.19329452350150925,0.17723156532988357,0.21193910256410253,0.5003333333333334,0.4569916666666667,0.48148148148148145,0.09476067270375162,0.0830099180681328,0.10096153846153846,0.49889256521003644,0.0007341240311852515,0.01797398659431855,182,0.08424908424908424,0.054945054945054944,0.08241758241758242,0.001831501831501825,91,0.10256410256410255,0.05489926739926739,0.10989010989010989,-0.007326007326007342,False,control|small|edge_high|same_top1_prev=all,0.09402654867256637,0.08298755186721991
late|small|edge_high|same_top1_prev=all,late,small,edge_high,2,576,front_pair_major_margin_and_consensus,front pair major margin and consensus,557,149,2,0.08841951026361577,0.1817303467017525,0.18701376421304605,0.15769000598444047,0.2684563758389262,0.5277777777777778,0.44047619047619047,0.46511627906976744,0.0990424895272292,0.07749850388988629,0.1196868008948546,0.5607172738159467,-0.010662151822981775,-0.03309097688292319,149,0.1196868008948546,0.0727069351230425,0.1527777777777778,-0.03309097688292319,91,0.14652014652014653,0.08241758241758242,0.1527777777777778,-0.006257631257631263,False,control|small|edge_high|same_top1_prev=all,0.10970464135021098,0.1527777777777778
late|small|edge_high|same_top1_prev=all,late,small,edge_high,2,576,front_pair_major_margin_and_side,front pair major margin and side,271,89,2,0.08841951026361577,0.1817303467017525,0.1863468634686347,0.14575645756457564,0.2640449438202247,0.475,0.3416666666666667,0.4166666666666667,0.08671586715867159,0.05719557195571956,0.10674157303370786,0.6066249944668323,0.00124578168858612,-0.0019540791402051783,89,0.10674157303370786,0.05056179775280899,0.10869565217391304,-0.0019540791402051783,89,0.10674157303370786,0.0449438202247191,0.10869565217391304,-0.0019540791402051783,False,control|small|edge_high|same_top1_prev=all,0.08547008547008547,0.10869565217391304
late|small|edge_high|same_top1_prev=all,late,small,edge_high,2,576,front_pair_major_margin_q75_only,front pair major margin q75 only,912,264,2,0.08841951026361577,0.1817303467017525,0.19937865497076024,0.17616959064327486,0.23863636363636365,0.5020161290322581,0.4435483870967742,0.4794520547945205,0.10087719298245613,0.08369883040935672,0.11363636363636363,0.5018999586747982,-0.007529886663561566,-0.013229308005427418,182,0.13095238095238096,0.08516483516483517,0.12686567164179105,0.004086709310589909,91,0.11355311355311354,0.054945054945054944,0.12087912087912088,-0.007326007326007342,False,control|small|edge_high|same_top1_prev=all,0.1084070796460177,0.12686567164179105
late|small|edge_high|same_top1_prev=all,late,small,edge_high,2,576,front_pair_major_side_q75_only,front pair major side q75 only,991,288,2,0.08841951026361577,0.1817303467017525,0.20013454423141605,0.1780945173225698,0.23553240740740738,0.501953125,0.443359375,0.47023809523809523,0.09804910864446686,0.08156744029599731,0.10358796296296297,0.4964751952664992,0.010712864102982153,0.02896109729132118,182,0.13186813186813187,0.09065934065934066,0.07462686567164178,0.05724126619649009,91,0.13186813186813187,0.07142857142857142,0.07692307692307693,0.054945054945054944,False,control|small|edge_high|same_top1_prev=all,0.08733624454148471,0.07462686567164178
late|small|edge_low|same_top1_prev=all,late,small,edge_low,2,192,front_pair_major_any_info,front pair major any info,1766,467,3,0.089576406726893,0.18565540131876168,0.20479426198565498,0.19440826727066815,0.21127765881513202,0.49942396313364057,0.46754032258064515,0.4701388888888889,0.10324650811627029,0.09512551906379765,0.0977872947894361,0.4607643902415876,0.010381275953189883,0.004996431120628114,182,0.1043956043956044,0.07875457875457875,0.09340659340659341,0.010989010989010992,91,0.10989010989010989,0.07692307692307691,0.09523809523809523,0.014652014652014655,True,control|small|edge_low|same_top1_prev=all,0.0928652321630804,0.09279086366880798
late|small|edge_low|same_top1_prev=all,late,small,edge_low,2,192,front_pair_major_consensus_only,front pair major consensus only,1518,415,2,0.08841951026361577,0.1817303467017525,0.19587176108915239,0.1800559947299078,0.1891566265060241,0.498642226748133,0.4575610997963339,0.453125,0.09760649978041282,0.08563625384277558,0.08353413654618473,0.4910667395231637,0.0018477191309761026,-0.011397134931478481,182,0.08516483516483517,0.054945054945054944,0.08058608058608058,0.00457875457875459,91,0.0989010989010989,0.05128205128205127,0.08608058608058607,0.01282051282051283,False,control|small|edge_low|same_top1_prev=all,0.09575878064943671,0.09493127147766321
late|small|edge_low|same_top1_prev=all,late,small,edge_low,2,192,front_pair_major_margin_and_consensus,front pair major margin and consensus,521,160,2,0.08841951026361577,0.1817303467017525,0.1967370441458733,0.16377959053103006,0.1875,0.5121951219512195,0.4268292682926829,0.45454545454545453,0.10588611644273832,0.08029430582213692,0.090625,0.5398689175918022,0.010961304412663131,0.013613505747126442,160,0.090625,0.05,0.07701149425287356,0.013613505747126442,91,0.1043956043956044,0.04395604395604396,0.08424908424908424,0.020146520146520158,False,control|small|edge_low|same_top1_prev=all,0.09492481203007519,0.07701149425287356
late|small|edge_low|same_top1_prev=all,late,small,edge_low,2,192,front_pair_major_margin_and_side,front pair major margin and side,324,84,2,0.08841951026361577,0.1817303467017525,0.22479423868312756,0.18106995884773663,0.1130952380952381,0.61875,0.5125,0.22727272727272727,0.1404320987654321,0.10339506172839506,0.023809523809523808,0.48831684077405985,0.04458350291683627,-0.06212797619047619,84,0.023809523809523808,0.0,0.0859375,-0.06212797619047619,84,0.023809523809523808,0.0,0.0859375,-0.06212797619047619,False,control|small|edge_low|same_top1_prev=all,0.09584859584859584,0.0859375
late|small|edge_low|same_top1_prev=all,late,small,edge_low,2,192,front_pair_major_margin_q75_only,front pair major margin q75 only,938,278,2,0.08841951026361577,0.1817303467017525,0.20700071073205403,0.1849635749822317,0.19664268585131897,0.5259403372243838,0.4688391699092088,0.5,0.11051883439943141,0.09292821606254442,0.10191846522781774,0.47803742046027,0.015025272167671758,0.014089972835009998,182,0.09798534798534798,0.05952380952380952,0.08333333333333333,0.014652014652014655,91,0.10256410256410255,0.047619047619047616,0.08058608058608058,0.02197802197802197,True,control|small|edge_low|same_top1_prev=all,0.09549356223175966,0.08782849239280774
late|small|edge_low|same_top1_prev=all,late,small,edge_low,2,192,front_pair_major_side_q75_only,front pair major side q75 only,1124,294,2,0.08841951026361577,0.1817303467017525,0.22034400948991695,0.198839709371293,0.1870748299319728,0.509375,0.45675781249999997,0.38513513513513514,0.11120996441281139,0.09489175563463818,0.07539682539682539,0.44467732598879534,0.02162883100908032,-0.02671121149382019,182,0.0641025641025641,0.0347985347985348,0.07051282051282051,-0.006410256410256415,91,0.08058608058608058,0.03658424908424908,0.07142857142857142,0.009157509157509153,False,control|small|edge_low|same_top1_prev=all,0.08958113340373107,0.10210803689064558
late|small|edge_low|same_top1_prev=all,late,small,edge_low,2,384,front_pair_major_any_info,front pair major any info,1766,467,3,0.089576406726893,0.18565540131876168,0.20479426198565498,0.1942242355605889,0.21127765881513202,0.5023041474654378,0.47119335637480797,0.4666666666666667,0.10362400906002263,0.09494148735371839,0.09778729478943611,0.46120097457636455,0.007927519818799522,0.0014275517487508799,182,0.10073260073260072,0.07692307692307693,0.0989010989010989,0.001831501831501825,91,0.1282051282051282,0.09157509157509157,0.08791208791208792,0.040293040293040275,True,control|small|edge_low|same_top1_prev=all,0.0956964892412231,0.09635974304068523
late|small|edge_low|same_top1_prev=all,late,small,edge_low,2,384,front_pair_major_consensus_only,front pair major consensus only,1517,413,2,0.08841951026361577,0.1817303467017525,0.19918699186991867,0.18369589101296416,0.2098466505246166,0.5,0.45656312625250495,0.45357142857142857,0.1001977587343441,0.08811250274664909,0.0976594027441485,0.48133635312166917,0.0018189820210058466,-0.0026355825065889626,182,0.1053113553113553,0.07142857142857142,0.09065934065934066,0.014652014652014642,91,0.13186813186813187,0.07692307692307691,0.08241758241758242,0.049450549450549455,False,control|small|edge_low|same_top1_prev=all,0.09837877671333825,0.10029498525073746
late|small|edge_low|same_top1_prev=all,late,small,edge_low,2,384,front_pair_major_margin_and_consensus,front pair major margin and consensus,537,164,2,0.08841951026361577,0.1817303467017525,0.21973929236499068,0.1877715704531347,0.1686991869918699,0.4748201438848921,0.3920863309352518,0.4166666666666667,0.10304158907510862,0.07914338919925512,0.06910569105691056,0.4708886976353224,0.012710800271037367,-0.04041811846689897,164,0.06910569105691056,0.03554369918699187,0.10952380952380952,-0.04041811846689897,91,0.06043956043956044,0.02184065934065935,0.12637362637362637,-0.06593406593406592,False,control|small|edge_low|same_top1_prev=all,0.09033078880407125,0.10952380952380952
late|small|edge_low|same_top1_prev=all,late,small,edge_low,2,384,front_pair_major_margin_and_side,front pair major margin and side,308,83,2,0.08841951026361577,0.1817303467017525,0.22077922077922077,0.17857142857142858,0.1746987951807229,0.5886075949367089,0.48085443037974684,0.5333333333333333,0.12987012987012986,0.09740259740259741,0.09036144578313253,0.49514925747624833,0.004870129870129858,-0.10529072812991096,83,0.09036144578313253,0.03614457831325301,0.1956521739130435,-0.10529072812991096,83,0.09036144578313253,0.03614457831325301,0.1956521739130435,-0.10529072812991096,False,control|small|edge_low|same_top1_prev=all,0.125,0.1956521739130435
late|small|edge_low|same_top1_prev=all,late,small,edge_low,2,384,front_pair_major_margin_q75_only,front pair major margin q75 only,955,280,2,0.08841951026361577,0.1817303467017525,0.21745200698080278,0.193717277486911,0.18273809523809523,0.516728624535316,0.4590613382899628,0.5080645161290323,0.10994764397905758,0.09318935427574172,0.09404761904761903,0.45643585027974626,0.000783223493882379,-0.022354497354497363,182,0.08516483516483517,0.05128205128205127,0.12087912087912088,-0.03571428571428571,91,0.10989010989010989,0.054945054945054944,0.11538461538461539,-0.005494505494505503,False,control|small|edge_low|same_top1_prev=all,0.1091644204851752,0.1164021164021164
late|small|edge_low|same_top1_prev=all,late,small,edge_low,2,384,front_pair_major_side_q75_only,front pair major side q75 only,1054,299,2,0.08841951026361577,0.1817303467017525,0.22722960151802657,0.20477545857052495,0.1939799331103679,0.5044296788482835,0.44959856035437423,0.4452054794520548,0.1116382036685642,0.09456040480708411,0.08361204013377926,0.43178763158849903,0.007853099883460404,-0.01491012735390547,182,0.07967032967032966,0.046703296703296704,0.0989010989010989,-0.019230769230769232,91,0.08241758241758242,0.038324175824175834,0.09340659340659341,-0.010989010989010992,False,control|small|edge_low|same_top1_prev=all,0.10378510378510379,0.09852216748768473
late|small|edge_low|same_top1_prev=all,late,small,edge_low,2,576,front_pair_major_any_info,front pair major any info,1766,467,3,0.089576406726893,0.18565540131876168,0.20479426198565498,0.19403548508871274,0.21127765881513202,0.4975038402457757,0.4667770737327189,0.47291666666666665,0.10343525858814646,0.09531426953567383,0.09992862241256245,0.4616496136566917,0.0009437523593808922,0.01641684511063525,182,0.0989010989010989,0.07509157509157507,0.08791208791208792,0.010989010989010978,91,0.12087912087912088,0.08424908424908424,0.06593406593406594,0.054945054945054944,True,control|small|edge_low|same_top1_prev=all,0.10249150622876557,0.0835117773019272
late|small|edge_low|same_top1_prev=all,late,small,edge_low,2,576,front_pair_major_consensus_only,front pair major consensus only,1516,410,2,0.08841951026361577,0.1817303467017525,0.20426561125769566,0.18776934916446789,0.2048780487804878,0.4972789115646259,0.4547534013605442,0.462406015037594,0.10081354441512752,0.0887203166226913,0.10081300813008129,0.47089426819160346,-0.00015315805533434868,0.00881300813008129,182,0.10073260073260072,0.06318681318681318,0.08791208791208792,0.012820512820512803,91,0.13003663003663002,0.06776556776556776,0.07692307692307693,0.05311355311355309,False,control|small|edge_low|same_top1_prev=all,0.10096670247046187,0.092
late|small|edge_low|same_top1_prev=all,late,small,edge_low,2,576,front_pair_major_margin_and_consensus,front pair major margin and consensus,562,151,2,0.08841951026361577,0.1817303467017525,0.1933570581257414,0.16251482799525505,0.1456953642384106,0.5076923076923077,0.41923076923076924,0.5,0.09311981020166073,0.07176749703440094,0.0728476821192053,0.5440704171695482,-0.023702619704881328,-0.02551297361849962,151,0.0728476821192053,0.03642384105960265,0.09836065573770492,-0.02551297361849962,91,0.04395604395604396,0.01098901098901099,0.09836065573770492,-0.05440461178166096,False,control|small|edge_low|same_top1_prev=all,0.11682242990654206,0.09836065573770492
late|small|edge_low|same_top1_prev=all,late,small,edge_low,2,576,front_pair_major_margin_and_side,front pair major margin and side,285,93,2,0.08841951026361577,0.1817303467017525,0.18771929824561404,0.14210526315789473,0.1881720430107527,0.5431034482758621,0.41379310344827586,0.4722222222222222,0.09824561403508772,0.06666666666666667,0.08602150537634409,0.6222113685217406,-0.02675438596491228,-0.019241652518392743,93,0.08602150537634409,0.037500000000000006,0.10526315789473684,-0.019241652518392743,91,0.08791208791208792,0.03296703296703297,0.10526315789473684,-0.017351069982648917,False,control|small|edge_low|same_top1_prev=all,0.125,0.10526315789473684
late|small|edge_low|same_top1_prev=all,late,small,edge_low,2,576,front_pair_major_margin_q75_only,front pair major margin q75 only,968,275,2,0.08841951026361577,0.1817303467017525,0.19404269972451788,0.17165547520661156,0.1890909090909091,0.5372714486638537,0.4767932489451477,0.5234375,0.10278925619834711,0.08608815426997245,0.10060606060606062,0.5150986891457463,-0.01855905840839446,0.01260606060606062,182,0.076007326007326,0.04393315018315018,0.088,-0.011992673992673994,91,0.05311355311355311,0.016483516483516484,0.06593406593406594,-0.012820512820512824,False,control|small|edge_low|same_top1_prev=all,0.12134831460674157,0.088
late|small|edge_low|same_top1_prev=all,late,small,edge_low,2,576,front_pair_major_side_q75_only,front pair major side q75 only,991,288,2,0.08841951026361577,0.1817303467017525,0.2122435250588631,0.1905482677430205,0.208912037037037,0.48091603053435117,0.4255725190839695,0.4863013698630137,0.10208543558694921,0.08476286579212916,0.09837962962962962,0.4640268385061425,0.012565784931927379,0.008827390823659478,182,0.076007326007326,0.04395604395604396,0.08955223880597014,-0.013544912798644143,91,0.08058608058608058,0.03296703296703297,0.07692307692307693,0.00366300366300365,False,control|small|edge_low|same_top1_prev=all,0.08951965065502183,0.08955223880597014
